1,1,66,66,66,66,66,72,66,66,66,55,48,39,39,39,48,48,48,44,38,35,400,901.1
2,2,67,67,67,67,67,72,67,67,67,55,48,39,39,39,48,48,48,44,38,35,401,901.3
3,3,68,68,68,68,68,72,68,68,68,55,48,39,39,39,48,48,48,44,38,35,402,901.5
4,4,69,69,69,69,69,72,69,69,69,55,48,39,39,39,48,48,48,44,38,35,403,901.7
5,5,70,70,70,70,70,72,70,70,70,55,48,39,39,39,48,48,48,44,38,35,404,901.9
6,6,71,71,71,71,71,72,71,71,71,55,48,39,39,39,48,48,48,44,38,35,405,902.1
7,7,72,72,72,72,72,72,72,72,72,55,48,39,39,39,48,48,48,44,38,35,406,902.3
8,8,73,73,73,73,73,72,73,73,73,55,48,39,39,39,48,48,48,44,38,35,407,902.5
9,9,74,74,74,74,74,72,74,74,74,55,48,39,39,39,48,48,48,44,38,35,408,902.7
10,10,75,75,75,75,75,72,75,75,75,55,48,39,39,39,48,48,48,44,38,35,409,902.9
11,11,76,76,76,76,76,72,76,76,76,55,48,39,39,39,48,48,48,44,38,35,410,903.1
12,12,77,77,77,77,77,72,77,77,77,55,48,39,39,39,48,48,48,44,38,35,411,903.3
13,13,78,78,78,78,78,72,78,78,78,55,48,39,39,39,48,48,48,44,38,35,412,903.5
14,14,79,79,79,79,79,72,79,79,79,55,48,39,39,39,48,48,48,44,38,35,413,903.7
15,15,80,80,80,80,80,72,80,80,80,55,48,39,39,39,48,48,48,44,38,35,414,903.9
16,16,81,81,81,81,81,72,81,81,81,55,48,39,39,39,48,48,48,44,38,35,415,904.1
17,17,82,82,82,82,82,72,82,82,82,55,48,39,39,39,48,48,48,44,38,35,416,904.3
18,18,83,83,83,83,83,72,83,83,83,55,48,39,39,39,48,48,48,44,38,35,417,904.5
19,19,84,84,84,84,84,72,84,84,84,55,48,39,39,39,48,48,48,44,38,35,418,904.7
20,20,85,85,85,85,85,72,85,85,85,55,48,39,39,39,48,48,48,44,38,35,419,904.9
21,21,86,86,86,86,86,72,86,86,86,55,48,39,39,39,48,48,48,44,38,35,420,905.1
22,22,87,87,87,87,87,72,87,87,87,55,48,39,39,39,48,48,48,44,38,35,421,905.3
23,23,88,88,88,88,88,72,88,88,88,55,48,39,39,39,48,48,48,44,38,35,422,905.5
24,24,89,89,89,89,89,72,89,89,89,55,48,39,39,39,48,48,48,44,38,35,423,905.7
25,25,90,90,90,90,90,72,90,90,90,55,48,39,39,39,48,48,48,44,38,35,424,905.9
26,26,91,91,91,91,91,72,91,91,91,55,48,39,39,39,48,48,48,44,38,35,425,906.1
27,27,92,92,92,92,92,72,92,92,92,55,48,39,39,39,48,48,48,44,38,35,426,906.3
28,28,93,93,93,93,93,72,93,93,93,55,48,39,39,39,48,48,48,44,38,35,427,906.5
29,29,94,94,94,94,94,72,94,94,94,55,48,39,39,39,48,48,48,44,38,35,428,906.7
30,30,95,95,95,95,95,72,95,95,95,55,48,39,39,39,48,48,48,44,38,35,429,906.9
31,31,96,96,96,96,96,72,96,96,96,55,48,39,39,39,48,48,48,44,38,35,430,907.1
32,32,97,97,97,97,97,72,97,97,97,55,48,39,39,39,48,48,48,44,38,35,431,907.3
33,33,98,98,98,98,98,72,98,98,98,55,48,39,39,39,48,48,48,44,38,35,432,907.5
34,34,88,88,88,88,88,72,88,88,88,55,48,39,39,39,48,48,48,44,38,35,433,907.7
35,35,78,78,78,78,78,72,78,78,78,55,48,39,39,39,48,48,48,44,38,35,434,907.9
36,36,67,67,67,67,67,72,67,67,67,55,48,39,39,39,48,48,48,44,38,35,435,908.1
37,37,68,68,68,68,68,72,68,68,68,55,48,39,39,39,48,48,48,44,38,35,436,908.3
38,38,69,69,69,69,69,72,69,69,69,55,48,39,39,39,48,48,48,44,38,35,437,908.5
39,39,89,89,89,89,89,72,89,89,89,55,48,39,39,39,48,48,48,44,38,35,438,908.7
40,40,82,82,82,82,82,72,82,82,82,55,48,39,39,39,48,48,48,44,38,35,439,908.9
41,41,81,81,81,81,81,72,81,81,81,55,48,39,39,39,48,48,48,44,38,35,440,909.1
42,42,83,83,83,83,83,72,83,83,83,55,48,39,39,39,48,48,48,44,38,35,441,909.3
43,43,83,83,83,83,83,72,83,83,83,55,48,39,39,39,48,48,48,44,38,35,442,909.5
44,44,83,83,83,83,83,72,83,83,83,55,48,39,39,39,48,48,48,44,38,35,443,909.7
45,45,83,83,83,83,83,72,83,83,83,55,48,39,39,39,48,48,48,44,38,35,444,909.9
46,46,83,83,83,83,83,72,83,83,83,55,48,39,39,39,48,48,48,44,38,35,445,910.1
47,47,83,83,83,83,83,72,83,83,83,55,48,39,39,39,48,48,48,44,38,35,446,910.3
48,48,83,83,83,83,83,72,83,83,83,55,48,39,39,39,48,48,48,44,38,35,447,910.5
49,49,83,83,83,83,83,72,83,83,83,55,48,39,39,39,48,48,48,44,38,35,448,910.7
50,50,83,83,83,83,83,72,83,83,83,55,48,39,39,39,48,48,48,44,38,35,449,910.9
51,51,83,83,83,83,83,72,83,83,83,55,48,39,39,39,48,48,48,44,38,35,450,911.1
52,52,83,83,83,83,83,72,83,83,83,55,48,39,39,39,48,48,48,44,38,35,451,911.3
53,53,83,83,83,83,83,72,83,83,83,55,48,39,39,39,48,48,48,44,38,35,452,911.5
54,54,83,83,83,83,83,72,83,83,83,55,48,39,39,39,48,48,48,44,38,35,453,911.7
55,55,83,83,83,83,83,72,83,83,83,55,48,39,39,39,48,48,48,44,38,35,454,911.9
56,56,83,83,83,83,83,72,83,83,83,55,48,39,39,39,48,48,48,44,38,35,455,912.1
57,57,83,83,83,83,83,72,83,83,83,55,48,39,39,39,48,48,48,44,38,35,456,912.3
58,58,83,83,83,83,83,72,83,83,83,55,48,39,39,39,48,48,48,44,38,35,457,912.5
59,59,83,83,83,83,83,72,83,83,83,55,48,39,39,39,48,48,48,44,38,35,458,912.7
60,60,83,83,83,83,83,72,83,83,83,55,48,39,39,39,48,48,48,44,38,35,459,912.9
61,61,83,83,83,83,83,72,83,83,83,55,48,39,39,39,48,48,48,44,38,35,460,913.1
62,62,83,83,83,83,83,72,83,83,83,55,48,39,39,39,48,48,48,44,38,35,461,913.3
63,63,83,83,83,83,83,72,83,83,83,55,48,39,39,39,48,48,48,44,38,35,462,913.5
64,64,83,83,83,83,83,72,83,83,83,55,48,39,39,39,48,48,48,44,38,35,463,913.7
65,65,83,83,83,83,83,72,83,83,83,55,48,39,39,39,48,48,48,44,38,35,464,913.9
66,66,83,83,83,83,83,72,83,83,83,55,48,39,39,39,48,48,48,44,38,35,465,914.1
67,67,83,83,83,83,83,72,83,83,83,55,48,39,39,39,48,48,48,44,38,35,466,914.3
68,68,83,83,83,83,83,72,83,83,83,55,48,39,39,39,48,48,48,44,38,35,467,914.5
69,69,85,85,85,85,85,72,85,85,85,55,48,39,39,39,48,48,48,44,38,35,468,914.7
70,70,67,67,67,67,67,72,67,67,67,55,48,39,39,39,48,48,48,44,38,35,469,914.9
71,71,66,66,66,66,66,72,66,66,66,55,48,39,39,39,48,48,48,44,38,35,470,915.1
72,72,66,66,66,66,66,72,66,66,66,55,48,39,39,39,48,48,48,44,38,35,471,915.3
73,73,66,66,66,66,66,72,66,66,66,55,48,39,39,39,48,48,48,44,38,35,472,915.5
74,74,66,66,66,66,66,72,66,66,66,55,48,39,39,39,48,48,48,44,38,35,473,915.7
75,75,66,66,66,66,66,72,66,66,66,55,48,39,39,39,48,48,48,44,38,35,474,915.9
76,76,66,66,66,66,66,72,66,66,66,55,48,39,39,39,48,48,48,44,38,35,475,916.1
77,77,66,66,66,66,66,72,66,66,66,55,48,39,39,39,48,48,48,44,38,35,476,916.3
78,78,66,66,66,66,66,72,66,66,66,55,48,39,39,39,48,48,48,44,38,35,477,916.5
79,79,66,66,66,66,66,72,66,66,66,55,48,39,39,39,48,48,48,44,38,35,478,916.7
80,80,66,66,66,66,66,72,66,66,66,55,48,39,39,39,48,48,48,44,38,35,479,916.9
81,81,76,76,76,76,76,72,76,76,76,55,48,39,39,39,48,48,48,44,38,35,480,917.1
82,82,65,65,65,65,65,72,65,65,65,55,48,39,39,39,48,48,48,44,38,35,481,917.3
83,83,66,66,66,66,66,72,66,66,66,55,48,39,39,39,48,48,48,44,38,35,482,917.5
84,84,67,67,67,67,67,72,67,67,67,55,48,39,39,39,48,48,48,44,38,35,483,917.7
85,85,68,68,68,68,68,72,68,68,68,55,48,39,39,39,48,48,48,44,38,35,484,917.9
86,86,69,69,69,69,69,72,69,69,69,55,48,39,39,39,48,48,48,44,38,35,485,918.1
87,87,70,70,70,70,70,72,70,70,70,55,48,39,39,39,48,48,48,44,38,35,486,918.3
88,88,71,71,71,71,71,72,71,71,71,55,48,39,39,39,48,48,48,44,38,35,487,918.5
89,89,72,72,72,72,72,72,72,72,72,55,48,39,39,39,48,48,48,44,38,35,488,918.7
90,90,73,73,73,73,73,72,73,73,73,55,48,39,39,39,48,48,48,44,38,35,489,918.9
91,91,74,74,74,74,74,72,74,74,74,55,48,39,39,39,48,48,48,44,38,35,490,919.1
92,92,75,75,75,75,75,72,75,75,75,55,48,39,39,39,48,48,48,44,38,35,491,919.3
93,93,76,76,76,76,76,72,76,76,76,55,48,39,39,39,48,48,48,44,38,35,492,919.5
94,94,77,77,77,77,77,72,77,77,77,55,48,39,39,39,48,48,48,44,38,35,493,919.7
95,95,78,78,78,78,78,72,78,78,78,55,48,39,39,39,48,48,48,44,38,35,401.1,919.9
96,96,79,79,79,79,79,72,79,79,79,55,48,39,39,39,48,48,48,44,38,35,402.3,920.1
97,97,80,80,80,80,80,72,80,80,80,55,48,39,39,39,48,48,48,44,38,35,403.5,920.3
98,98,81,81,81,81,81,72,81,81,81,55,48,39,39,39,48,48,48,44,38,35,404.7,920.5
99,99,82,82,82,82,82,72,82,82,82,55,48,39,39,39,48,48,48,44,38,35,405.9,920.7
100,100,83,83,83,83,83,72,83,83,83,55,48,39,39,39,48,48,48,44,38,35,407.1,920.9
101,101,84,84,84,84,84,72,84,84,84,55,48,39,39,39,48,48,48,44,38,35,408.3,921.1
102,102,85,85,85,85,85,72,85,85,85,55,48,39,39,39,48,48,48,44,38,35,409.5,921.3
103,103,86,86,86,86,86,72,86,86,86,55,48,39,39,39,48,48,48,44,38,35,410.7,921.5
104,104,87,87,87,87,87,72,87,87,87,55,48,39,39,39,48,48,48,44,38,35,411.9,921.7
105,105,88,88,88,88,88,72,88,88,88,55,48,39,39,39,48,48,48,44,38,35,413.1,921.9
106,106,89,89,89,89,89,72,89,89,89,55,48,39,39,39,48,48,48,44,38,35,414.3,922.1
107,107,90,90,90,90,90,72,90,90,90,55,48,39,39,39,48,48,48,44,38,35,415.5,922.3
108,108,91,91,91,91,91,72,91,91,91,55,48,39,39,39,48,48,48,44,38,35,416.7,922.5
109,109,92,92,92,92,92,72,92,92,92,55,48,39,39,39,48,48,48,44,38,35,417.9,922.7
110,110,93,93,93,93,93,72,93,93,93,55,48,39,39,39,48,48,48,44,38,35,419.1,922.9
111,111,94,94,94,94,94,72,94,94,94,55,48,39,39,39,48,48,48,44,38,35,420.3,923.1
112,112,95,95,95,95,95,72,95,95,95,55,48,39,39,39,48,48,48,44,38,35,421.5,923.3
113,113,96,96,96,96,96,72,96,96,96,55,48,39,39,39,48,48,48,44,38,35,422.7,923.5
114,114,97,97,97,97,97,72,97,97,97,55,48,39,39,39,48,48,48,44,38,35,423.9,923.7
115,115,98,98,98,98,98,72,98,98,98,55,48,39,39,39,48,48,48,44,38,35,425.1,923.9
116,116,99,99,99,99,99,72,99,99,99,55,48,39,39,39,48,48,48,44,38,35,426.3,924.1
117,117,98,98,98,98,98,72,98,98,98,55,48,39,39,39,48,48,48,44,38,35,427.5,924.3
118,118,97,97,97,97,97,72,97,97,97,55,48,39,39,39,48,48,48,44,38,35,428.7,924.5
119,119,96,96,96,96,96,72,96,96,96,55,48,39,39,39,48,48,48,44,38,35,429.9,924.7
120,120,95,95,95,95,95,72,95,95,95,55,48,39,39,39,48,48,48,44,38,35,431.1,924.9
121,121,94,94,94,94,94,72,94,94,94,55,48,39,39,39,48,48,48,44,38,35,432.3,925.1
122,122,93,93,93,93,93,72,93,93,93,55,48,39,39,39,48,48,48,44,38,35,433.5,925.3
123,123,92,92,92,92,92,72,92,92,92,55,48,39,39,39,48,48,48,44,38,35,434.7,925.5
124,124,91,91,91,91,91,72,91,91,91,55,48,39,39,39,48,48,48,44,38,35,435.9,925.7
125,125,90,90,90,90,90,72,90,90,90,55,48,39,39,39,48,48,48,44,38,35,437.1,925.9
126,126,89,89,89,89,89,72,89,89,89,55,48,39,39,39,48,48,48,44,38,35,438.3,926.1
127,127,88,88,88,88,88,72,88,88,88,55,48,39,39,39,48,48,48,44,38,35,439.5,926.3
128,128,87,87,87,87,87,72,87,87,87,55,48,39,39,39,48,48,48,44,38,35,440.7,926.5
129,129,86,86,86,86,86,72,86,86,86,55,48,39,39,39,48,48,48,44,38,35,441.9,926.7
130,130,85,85,85,85,85,72,85,85,85,55,48,39,39,39,48,48,48,44,38,35,443.1,926.9
131,131,84,84,84,84,84,72,84,84,84,55,48,39,39,39,48,48,48,44,38,35,444.3,927.1
132,132,83,83,83,83,83,72,83,83,83,55,48,39,39,39,48,48,48,44,38,35,445.5,927.3
133,133,82,82,82,82,82,72,82,82,82,55,48,39,39,39,48,48,48,44,38,35,446.7,927.5
134,134,81,81,81,81,81,72,81,81,81,55,48,39,39,39,48,48,48,44,38,35,447.9,927.7
135,135,80,80,80,80,80,72,80,80,80,55,48,39,39,39,48,48,48,44,38,35,449.1,927.9
136,136,79,79,79,79,79,72,79,79,79,55,48,39,39,39,48,48,48,44,38,35,450.3,928.1
137,137,78,78,78,78,78,72,78,78,78,55,48,39,39,39,48,48,48,44,38,35,451.5,928.3
138,138,77,77,77,77,77,72,77,77,77,55,48,39,39,39,48,48,48,44,38,35,452.7,928.5
139,139,76,76,76,76,76,72,76,76,76,55,48,39,39,39,48,48,48,44,38,35,453.9,928.7
140,140,75,75,75,75,75,72,75,75,75,55,48,39,39,39,48,48,48,44,38,35,455.1,928.9
141,141,74,74,74,74,74,72,74,74,74,55,48,39,39,39,48,48,48,44,38,35,456.3,929.1
142,142,73,73,73,73,73,72,73,73,73,55,48,39,39,39,48,48,48,44,38,35,457.5,929.3
143,143,72,72,72,72,72,72,72,72,72,55,48,39,39,39,48,48,48,44,38,35,458.7,929.5
144,144,71,71,71,71,71,72,71,71,71,55,48,39,39,39,48,48,48,44,38,35,459.9,929.7
145,145,70,70,70,70,70,72,70,70,70,55,48,39,39,39,48,48,48,44,38,35,461.1,929.9
146,146,69,69,69,69,69,72,69,69,69,55,48,39,39,39,48,48,48,44,38,35,462.3,930.1
147,147,68,68,68,68,68,72,68,68,68,55,48,39,39,39,48,48,48,44,38,35,463.5,930.3
148,148,67,67,67,67,67,72,67,67,67,55,48,39,39,39,48,48,48,44,38,35,464.7,930.5
149,149,66,66,66,66,66,72,66,66,66,55,48,39,39,39,48,48,48,44,38,35,465.9,930.7
150,150,65,65,65,65,65,72,65,65,65,55,48,39,39,39,48,48,48,44,38,35,467.1,930.9
151,151,64,64,64,64,64,72,64,64,64,55,48,39,39,39,48,48,48,44,38,35,468.3,931.1
152,152,63,63,63,63,63,72,63,63,63,55,48,39,39,39,48,48,48,44,38,35,469.5,931.3
153,153,62,62,62,62,62,72,62,62,62,55,48,39,39,39,48,48,48,44,38,35,470.7,931.5
154,154,61,61,61,61,61,72,61,61,61,55,48,39,39,39,48,48,48,44,38,35,471.9,931.7
155,155,60,60,60,60,60,72,60,60,60,55,48,39,39,39,48,48,48,44,38,35,473.1,931.9
156,156,59,59,59,59,59,72,59,59,59,55,48,39,39,39,48,48,48,44,38,35,474.3,932.1
157,157,58,58,58,58,58,72,58,58,58,55,48,39,39,39,48,48,48,44,38,35,475.5,932.3
158,158,57,57,57,57,57,72,57,57,57,55,48,39,39,39,48,48,48,44,38,35,476.7,932.5
159,159,56,56,56,56,56,72,56,56,56,55,48,39,39,39,48,48,48,44,38,35,477.9,932.7
160,160,55,55,55,55,55,72,55,55,55,55,48,39,39,39,48,48,48,44,38,35,479.1,932.9
161,161,54,54,54,54,54,72,54,54,54,55,48,39,39,39,48,48,48,44,38,35,480.3,933.1
162,162,53,53,53,53,53,72,53,53,53,55,48,39,39,39,48,48,48,44,38,35,481.5,933.3
163,163,52,52,52,52,52,72,52,52,52,55,48,39,39,39,48,48,48,44,38,35,482.7,933.5
164,164,51,51,51,51,51,72,51,51,51,55,48,39,39,39,48,48,48,44,38,35,483.9,933.7
165,165,57,57,57,57,57,72,57,57,57,55,48,39,39,39,48,48,48,44,38,35,485.1,933.9
166,166,58,58,58,58,58,72,58,58,58,55,48,39,39,39,48,48,48,44,38,35,486.3,934.1
167,167,59,59,59,59,59,72,59,59,59,55,48,39,39,39,48,48,48,44,38,35,487.5,934.3
168,168,60,60,60,60,60,72,60,60,60,55,48,39,39,39,48,48,48,44,38,35,488.7,934.5
169,169,61,61,61,61,61,72,61,61,61,55,48,39,39,39,48,48,48,44,38,35,489.9,934.7
170,170,62,62,62,62,62,72,62,62,62,55,48,39,39,39,48,48,48,44,38,35,491.1,934.9
171,171,63,63,63,63,63,72,63,63,63,55,48,39,39,39,48,48,48,44,38,35,492.3,935.1
172,172,64,64,64,64,64,72,64,64,64,55,48,39,39,39,48,48,48,44,38,35,493.5,935.3
173,173,65,65,65,65,65,72,65,65,65,55,48,39,39,39,48,48,48,44,38,35,494.7,935.5
174,174,66,66,66,66,66,72,66,66,66,55,48,39,39,39,48,48,48,44,38,35,495.9,935.7
175,175,67,67,67,67,67,72,67,67,67,55,48,39,39,39,48,48,48,44,38,35,497.1,935.9
176,176,68,68,68,68,68,72,68,68,68,55,48,39,39,39,48,48,48,44,38,35,498.3,936.1
177,177,69,69,69,69,69,72,69,69,69,55,48,39,39,39,48,48,48,44,38,35,499.5,936.3
178,178,70,70,70,70,70,72,70,70,70,55,48,39,39,39,48,48,48,44,38,35,401.1,936.5
179,179,71,71,71,71,71,72,71,71,71,55,48,39,39,39,48,48,48,44,38,35,401.2,936.7
180,180,72,72,72,72,72,72,72,72,72,55,48,39,39,39,48,48,48,44,38,35,401.3,936.9
181,181,73,73,73,73,73,72,73,73,73,55,48,39,39,39,48,48,48,44,38,35,401.4,937.1
182,182,74,74,74,74,74,72,74,74,74,55,48,39,39,39,48,48,48,44,38,35,401.5,937.3
183,183,75,75,75,75,75,72,75,75,75,55,48,39,39,39,48,48,48,44,38,35,401.6,937.5
184,184,76,76,76,76,76,72,76,76,76,55,48,39,39,39,48,48,48,44,38,35,401.7,937.7
185,185,77,77,77,77,77,72,77,77,77,55,48,39,39,39,48,48,48,44,38,35,401.8,937.9
186,186,78,78,78,78,78,72,78,78,78,55,48,39,39,39,48,48,48,44,38,35,401.9,938.1
187,187,79,79,79,79,79,72,79,79,79,55,48,39,39,39,48,48,48,44,38,35,402,938.3
188,188,80,80,80,80,80,72,80,80,80,55,48,39,39,39,48,48,48,44,38,35,402.1,938.5
189,189,81,81,81,81,81,72,81,81,81,55,48,39,39,39,48,48,48,44,38,35,402.2,938.7
190,190,82,82,82,82,82,72,82,82,82,55,48,39,39,39,48,48,48,44,38,35,402.3,938.9
191,191,83,83,83,83,83,72,83,83,83,55,48,39,39,39,48,48,48,44,38,35,402.4,939.1
192,192,84,84,84,84,84,72,84,84,84,55,48,39,39,39,48,48,48,44,38,35,402.5,939.3
193,193,85,85,85,85,85,72,85,85,85,55,48,39,39,39,48,48,48,44,38,35,402.6,939.5
194,194,86,86,86,86,86,72,86,86,86,55,48,39,39,39,48,48,48,44,38,35,402.7,939.7
195,195,87,87,87,87,87,72,87,87,87,55,48,39,39,39,48,48,48,44,38,35,402.8,939.9
196,196,88,88,88,88,88,72,88,88,88,55,48,39,39,39,48,48,48,44,38,35,402.9,940.1
197,197,89,89,89,89,89,72,89,89,89,55,48,39,39,39,48,48,48,44,38,35,403,940.3
198,198,90,90,90,90,90,72,90,90,90,55,48,39,39,39,48,48,48,44,38,35,403.1,940.5
199,199,91,91,91,91,91,72,91,91,91,55,48,39,39,39,48,48,48,44,38,35,403.2,940.7
200,200,92,92,92,92,92,72,92,92,92,55,48,39,39,39,48,48,48,44,38,35,403.3,940.9
201,201,93,93,93,93,93,72,93,93,93,55,48,39,39,39,48,48,48,44,38,35,403.4,941.1
202,202,94,94,94,94,94,72,94,94,94,55,48,39,39,39,48,48,48,44,38,35,403.5,941.3
203,203,95,95,95,95,95,72,95,95,95,55,48,39,39,39,48,48,48,44,38,35,403.6,941.5
204,204,96,96,96,96,96,72,96,96,96,55,48,39,39,39,48,48,48,44,38,35,403.7,941.7
205,205,70,70,70,70,70,72,70,70,70,55,48,39,39,39,48,48,48,44,38,35,403.8,941.9
206,206,70,70,70,70,70,72,70,70,70,55,48,39,39,39,48,48,48,44,38,35,403.9,942.1
207,207,70,70,70,70,70,72,70,70,70,55,48,39,39,39,48,48,48,44,38,35,404,942.3
208,208,70,70,70,70,70,72,70,70,70,55,48,39,39,39,48,48,48,44,38,35,404.1,942.5
209,209,70,70,70,70,70,72,70,70,70,55,48,39,39,39,48,48,48,44,38,35,404.2,942.7
210,210,70,70,70,70,70,72,70,70,70,55,48,39,39,39,48,48,48,44,38,35,404.3,942.9
211,211,70,70,70,70,70,72,70,70,70,55,48,39,39,39,48,48,48,44,38,35,404.4,943.1
212,212,70,70,70,70,70,72,70,70,70,55,48,39,39,39,48,48,48,44,38,35,404.5,943.3
213,213,70,70,70,70,70,72,70,70,70,55,48,39,39,39,48,48,48,44,38,35,404.6,943.5
214,214,70,70,70,70,70,72,70,70,70,55,48,39,39,39,48,48,48,44,38,35,404.7,943.7
215,215,70,70,70,70,70,72,70,70,70,55,48,39,39,39,48,48,48,44,38,35,404.8,943.9
216,216,70,70,70,70,70,72,70,70,70,55,48,39,39,39,48,48,48,44,38,35,404.9,944.1
217,217,70,70,70,70,70,72,70,70,70,55,48,39,39,39,48,48,48,44,38,35,405,944.3
218,218,70,70,70,70,70,72,70,70,70,55,48,39,39,39,48,48,48,44,38,35,405.1,944.5
219,219,70,70,70,70,70,72,70,70,70,55,48,39,39,39,48,48,48,44,38,35,405.2,944.7
220,220,70,70,70,70,70,72,70,70,70,55,48,39,39,39,48,48,48,44,38,35,405.3,944.9
221,221,80,80,80,80,80,72,80,80,80,55,48,39,39,39,48,48,48,44,38,35,405.4,945.1
222,222,82,82,82,82,82,72,82,82,82,55,48,39,39,39,48,48,48,44,38,35,405.5,945.3
223,223,84,84,84,84,84,72,84,84,84,55,48,39,39,39,48,48,48,44,38,35,405.6,945.5
224,224,86,86,86,86,86,72,86,86,86,55,48,39,39,39,48,48,48,44,38,35,405.7,945.7
225,225,88,88,88,88,88,72,88,88,88,55,48,39,39,39,48,48,48,44,38,35,405.8,945.9
226,226,90,90,90,90,90,72,90,90,90,55,48,39,39,39,48,48,48,44,38,35,405.9,946.1
227,227,92,92,92,92,92,72,92,92,92,55,48,39,39,39,48,48,48,44,38,35,406,946.3
228,228,94,94,94,94,94,72,94,94,94,55,48,39,39,39,48,48,48,44,38,35,406.1,946.5
229,229,96,96,96,96,96,72,96,96,96,55,48,39,39,39,48,48,48,44,38,35,406.2,946.7
230,230,98,98,98,98,98,72,98,98,98,55,48,39,39,39,48,48,48,44,38,35,406.3,946.9
231,231,77,77,77,77,77,72,77,77,77,55,48,39,39,39,48,48,48,44,38,35,406.4,947.1
232,232,77,77,77,77,77,72,77,77,77,55,48,39,39,39,48,48,48,44,38,35,406.5,947.3
233,233,77,77,77,77,77,72,77,77,77,55,48,39,39,39,48,48,48,44,38,35,406.6,947.5
234,234,77,77,77,77,77,72,77,77,77,55,48,39,39,39,48,48,48,44,38,35,406.7,947.7
235,235,77,77,77,77,77,72,77,77,77,55,48,39,39,39,48,48,48,44,38,35,406.8,947.9
236,236,77,77,77,77,77,72,77,77,77,55,48,39,39,39,48,48,48,44,38,35,406.9,948.1
237,237,77,77,77,77,77,72,77,77,77,55,48,39,39,39,48,48,48,44,38,35,407,948.3
238,238,77,77,77,77,77,72,77,77,77,55,48,39,39,39,48,48,48,44,38,35,407.1,948.5
239,239,77,77,77,77,77,72,77,77,77,55,48,39,39,39,48,48,48,44,38,35,407.2,948.7
240,240,77,77,77,77,77,72,77,77,77,55,48,39,39,39,48,48,48,44,38,35,407.3,948.9
241,241,77,77,77,77,77,72,77,77,77,55,48,39,39,39,48,48,48,44,38,35,407.4,949.1
242,242,77,77,77,77,77,72,77,77,77,55,48,39,39,39,48,48,48,44,38,35,407.5,949.3
243,243,77,77,77,77,77,72,77,77,77,55,48,39,39,39,48,48,48,44,38,35,407.6,949.5
244,244,77,77,77,77,77,72,77,77,77,55,48,39,39,39,48,48,48,44,38,35,407.7,949.7
245,245,77,77,77,77,77,72,77,77,77,55,48,39,39,39,48,48,48,44,38,35,407.8,949.9
246,246,77,77,77,77,77,72,77,77,77,55,48,39,39,39,48,48,48,44,38,35,407.9,950.1
247,247,77,77,77,77,77,72,77,77,77,55,48,39,39,39,48,48,48,44,38,35,408,950.3
248,248,77,77,77,77,77,72,77,77,77,55,48,39,39,39,48,48,48,44,38,35,408.1,950.5
249,249,77,77,77,77,77,72,77,77,77,55,48,39,39,39,48,48,48,44,38,35,408.2,950.7
250,250,77,77,77,77,77,72,77,77,77,55,48,39,39,39,48,48,48,44,38,35,408.3,950.9
251,251,77,77,77,77,77,72,77,77,77,55,48,39,39,39,48,48,48,44,38,35,408.4,951.1
252,252,77,77,77,77,77,72,77,77,77,55,48,39,39,39,48,48,48,44,38,35,408.5,951.3
253,253,77,77,77,77,77,72,77,77,77,55,48,39,39,39,48,48,48,44,38,35,408.6,951.5
254,254,77,77,77,77,77,72,77,77,77,55,48,39,39,39,48,48,48,44,38,35,408.7,951.7
255,255,77,77,77,77,77,72,77,77,77,55,48,39,39,39,48,48,48,44,38,35,408.8,951.9
256,256,77,77,77,77,77,72,77,77,77,55,48,39,39,39,48,48,48,44,38,35,408.9,952.1
257,257,77,77,77,77,77,72,77,77,77,55,48,39,39,39,48,48,48,44,38,35,409,952.3
258,258,77,77,77,77,77,72,77,77,77,55,48,39,39,39,48,48,48,44,38,35,409.1,952.5
259,259,77,77,77,77,77,72,77,77,77,55,48,39,39,39,48,48,48,44,38,35,409.2,952.7
260,260,77,77,77,77,77,72,77,77,77,55,48,39,39,39,48,48,48,44,38,35,409.3,952.9
261,261,77,77,77,77,77,72,77,77,77,55,48,39,39,39,48,48,48,44,38,35,409.4,953.1
262,262,77,77,77,77,77,72,77,77,77,55,48,39,39,39,48,48,48,44,38,35,409.5,953.3
263,263,77,77,77,77,77,72,77,77,77,55,48,39,39,39,48,48,48,44,38,35,409.6,953.5
264,264,77,77,77,77,77,72,77,77,77,55,48,39,39,39,48,48,48,44,38,35,409.7,953.7
265,265,77,77,77,77,77,72,77,77,77,55,48,39,39,39,48,48,48,44,38,35,409.8,953.9
266,266,77,77,77,77,77,72,77,77,77,55,48,39,39,39,48,48,48,44,38,35,409.9,954.1
267,267,77,77,77,77,77,72,77,77,77,55,48,39,39,39,48,48,48,44,38,35,410,954.3
268,268,77,77,77,77,77,72,77,77,77,55,48,39,39,39,48,48,48,44,38,35,410.1,954.5
269,269,77,77,77,77,77,72,77,77,77,55,48,39,39,39,48,48,48,44,38,35,410.2,954.7
270,270,77,77,77,77,77,72,77,77,77,55,48,39,39,39,48,48,48,44,38,35,410.3,954.9
271,271,77,77,77,77,77,72,77,77,77,55,48,39,39,39,48,48,48,44,38,35,410.4,955.1
272,272,77,77,77,77,77,72,77,77,77,55,48,39,39,39,48,48,48,44,38,35,410.5,955.3
273,273,77,77,77,77,77,72,77,77,77,55,48,39,39,39,48,48,48,44,38,35,410.6,955.5
274,274,77,77,77,77,77,72,77,77,77,55,48,39,39,39,48,48,48,44,38,35,410.7,955.7
275,275,77,77,77,77,77,72,77,77,77,55,48,39,39,39,48,48,48,44,38,35,410.8,955.9
276,276,77,77,77,77,77,72,77,77,77,55,48,39,39,39,48,48,48,44,38,35,410.9,956.1
277,277,77,77,77,77,77,72,77,77,77,55,48,39,39,39,48,48,48,44,38,35,411,956.3
278,278,77,77,77,77,77,72,77,77,77,55,48,39,39,39,48,48,48,44,38,35,411.1,956.5
279,279,77,77,77,77,77,72,77,77,77,55,48,39,39,39,48,48,48,44,38,35,411.2,956.7
280,280,77,77,77,77,77,72,77,77,77,55,48,39,39,39,48,48,48,44,38,35,411.3,956.9
281,281,77,77,77,77,77,72,77,77,77,55,48,39,39,39,48,48,48,44,38,35,411.4,957.1
282,282,77,77,77,77,77,72,77,77,77,55,48,39,39,39,48,48,48,44,38,35,411.5,957.3
283,283,77,77,77,77,77,72,77,77,77,55,48,39,39,39,48,48,48,44,38,35,411.6,957.5
284,284,77,77,77,77,77,72,77,77,77,55,48,39,39,39,48,48,48,44,38,35,411.7,957.7
285,285,77,77,77,77,77,72,77,77,77,55,48,39,39,39,48,48,48,44,38,35,411.8,957.9
286,286,77,77,77,77,77,72,77,77,77,55,48,39,39,39,48,48,48,44,38,35,411.9,958.1
287,287,77,77,77,77,77,72,77,77,77,55,48,39,39,39,48,48,48,44,38,35,412,958.3
288,288,77,77,77,77,77,72,77,77,77,55,48,39,39,39,48,48,48,44,38,35,412.1,958.5
289,289,77,77,77,77,77,72,77,77,77,55,48,39,39,39,48,48,48,44,38,35,412.2,958.7
290,290,77,77,77,77,77,72,77,77,77,55,48,39,39,39,48,48,48,44,38,35,412.3,958.9
291,291,77,77,77,77,77,72,77,77,77,55,48,39,39,39,48,48,48,44,38,35,412.4,959.1
292,292,77,77,77,77,77,72,77,77,77,55,48,39,39,39,48,48,48,44,38,35,412.5,959.3
293,293,77,77,77,77,77,72,77,77,77,55,48,39,39,39,48,48,48,44,38,35,412.6,959.5
294,294,77,77,77,77,77,72,77,77,77,55,48,39,39,39,48,48,48,44,38,35,412.7,959.7
295,295,77,77,77,77,77,72,77,77,77,55,48,39,39,39,48,48,48,44,38,35,412.8,959.9
296,296,77,77,77,77,77,72,77,77,77,55,48,39,39,39,48,48,48,44,38,35,412.9,960.1
297,297,77,77,77,77,77,72,77,77,77,55,48,39,39,39,48,48,48,44,38,35,413,960.3
298,298,77,77,77,77,77,72,77,77,77,55,48,39,39,39,48,48,48,44,38,35,413.1,960.5
299,299,77,77,77,77,77,72,77,77,77,55,48,39,39,39,48,48,48,44,38,35,413.2,960.7
300,300,77,77,77,77,77,72,77,77,77,55,48,39,39,39,48,48,48,44,38,35,413.3,960.9
301,301,77,77,77,77,77,72,77,77,77,55,48,39,39,39,48,48,48,44,38,35,413.4,961.1
302,302,77,77,77,77,77,72,77,77,77,55,48,39,39,39,48,48,48,44,38,35,413.5,961.3
303,303,77,77,77,77,77,72,77,77,77,55,48,39,39,39,48,48,48,44,38,35,413.6,961.5
304,304,77,77,77,77,77,72,77,77,77,55,48,39,39,39,48,48,48,44,38,35,413.7,961.7
305,305,77,77,77,77,77,72,77,77,77,55,48,39,39,39,48,48,48,44,38,35,413.8,961.9
306,306,77,77,77,77,77,72,77,77,77,55,48,39,39,39,48,48,48,44,38,35,413.9,962.1
307,307,77,77,77,77,77,72,77,77,77,55,48,39,39,39,48,48,48,44,38,35,414,962.3
308,308,77,77,77,77,77,72,77,77,77,55,48,39,39,39,48,48,48,44,38,35,414.1,962.5
309,309,77,77,77,77,77,72,77,77,77,55,48,39,39,39,48,48,48,44,38,35,414.2,962.7
310,310,77,77,77,77,77,72,77,77,77,55,48,39,39,39,48,48,48,44,38,35,414.3,962.9
311,311,77,77,77,77,77,72,77,77,77,55,48,39,39,39,48,48,48,44,38,35,414.4,963.1
312,312,77,77,77,77,77,72,77,77,77,55,48,39,39,39,48,48,48,44,38,35,414.5,963.3
313,313,77,77,77,77,77,72,77,77,77,55,48,39,39,39,48,48,48,44,38,35,414.6,963.5
314,314,77,77,77,77,77,72,77,77,77,55,48,39,39,39,48,48,48,44,38,35,414.7,963.7
315,315,77,77,77,77,77,72,77,77,77,55,48,39,39,39,48,48,48,44,38,35,414.8,963.9
316,316,77,77,77,77,77,72,77,77,77,55,48,39,39,39,48,48,48,44,38,35,414.9,964.1
317,317,77,77,77,77,77,72,77,77,77,55,48,39,39,39,48,48,48,44,38,35,415,964.3
318,318,77,77,77,77,77,72,77,77,77,55,48,39,39,39,48,48,48,44,38,35,415.1,964.5
319,319,77,77,77,77,77,72,77,77,77,55,48,39,39,39,48,48,48,44,38,35,415.2,964.7
320,320,77,77,77,77,77,72,77,77,77,55,48,39,39,39,48,48,48,44,38,35,415.3,964.9
321,321,77,77,77,77,77,72,77,77,77,55,48,39,39,39,48,48,48,44,38,35,415.4,965.1
322,322,77,77,77,77,77,72,77,77,77,55,48,39,39,39,48,48,48,44,38,35,415.5,965.3
323,323,77,77,77,77,77,72,77,77,77,55,48,39,39,39,48,48,48,44,38,35,415.6,965.5
324,324,77,77,77,77,77,72,77,77,77,55,48,39,39,39,48,48,48,44,38,35,415.7,965.7
325,325,77,77,77,77,77,72,77,77,77,55,48,39,39,39,48,48,48,44,38,35,415.8,965.9
326,326,77,77,77,77,77,72,77,77,77,55,48,39,39,39,48,48,48,44,38,35,415.9,966.1
327,327,77,77,77,77,77,72,77,77,77,55,48,39,39,39,48,48,48,44,38,35,416,966.3
328,328,77,77,77,77,77,72,77,77,77,55,48,39,39,39,48,48,48,44,38,35,416.1,966.5
329,329,77,77,77,77,77,72,77,77,77,55,48,39,39,39,48,48,48,44,38,35,416.2,966.7
330,330,77,77,77,77,77,72,77,77,77,55,48,39,39,39,48,48,48,44,38,35,416.3,966.9
331,331,80,80,80,80,80,72,80,80,80,55,48,39,39,39,48,48,48,44,38,35,416.4,967.1
332,332,80,80,80,80,80,72,80,80,80,55,48,39,39,39,48,48,48,44,38,35,416.5,967.3
333,333,80,80,80,80,80,72,80,80,80,55,48,39,39,39,48,48,48,44,38,35,416.6,967.5
334,334,80,80,80,80,80,72,80,80,80,55,48,39,39,39,48,48,48,44,38,35,416.7,967.7
335,335,80,80,80,80,80,72,80,80,80,55,48,39,39,39,48,48,48,44,38,35,416.8,967.9
336,336,80,80,80,80,80,72,80,80,80,55,48,39,39,39,48,48,48,44,38,35,416.9,968.1
337,337,80,80,80,80,80,72,80,80,80,55,48,39,39,39,48,48,48,44,38,35,417,968.3
338,338,80,80,80,80,80,72,80,80,80,55,48,39,39,39,48,48,48,44,38,35,417.1,968.5
339,339,80,80,80,80,80,72,80,80,80,55,48,39,39,39,48,48,48,44,38,35,417.2,968.7
340,340,80,80,80,80,80,72,80,80,80,55,48,39,39,39,48,48,48,44,38,35,417.3,968.9
341,341,80,80,80,80,80,72,80,80,80,55,48,39,39,39,48,48,48,44,38,35,417.4,969.1
342,342,80,80,80,80,80,72,80,80,80,55,48,39,39,39,48,48,48,44,38,35,417.5,969.3
343,343,80,80,80,80,80,72,80,80,80,55,48,39,39,39,48,48,48,44,38,35,417.6,969.5
344,344,80,80,80,80,80,72,80,80,80,55,48,39,39,39,48,48,48,44,38,35,417.7,969.7
345,345,80,80,80,80,80,72,80,80,80,55,48,39,39,39,48,48,48,44,38,35,417.8,969.9
346,346,80,80,80,80,80,72,80,80,80,55,48,39,39,39,48,48,48,44,38,35,417.9,970.1
347,347,80,80,80,80,80,72,80,80,80,55,48,39,39,39,48,48,48,44,38,35,418,970.3
348,348,80,80,80,80,80,72,80,80,80,55,48,39,39,39,48,48,48,44,38,35,418.1,970.5
349,349,80,80,80,80,80,72,80,80,80,55,48,39,39,39,48,48,48,44,38,35,418.2,970.7
350,350,80,80,80,80,80,72,80,80,80,55,48,39,39,39,48,48,48,44,38,35,418.3,970.9
351,351,80,80,80,80,80,72,80,80,80,55,48,39,39,39,48,48,48,44,38,35,418.4,971.1
352,352,80,80,80,80,80,72,80,80,80,55,48,39,39,39,48,48,48,44,38,35,418.5,971.3
353,353,51,51,51,51,51,72,51,51,51,55,48,39,39,39,48,48,48,44,38,35,418.6,971.5
354,354,52,52,52,52,52,72,52,52,52,55,48,39,39,39,48,48,48,44,38,35,418.7,971.7
355,355,53,53,53,53,53,72,53,53,53,55,48,39,39,39,48,48,48,44,38,35,418.8,971.9
356,356,54,54,54,54,54,72,54,54,54,55,48,39,39,39,48,48,48,44,38,35,418.9,972.1
357,357,55,55,55,55,55,72,55,55,55,55,48,39,39,39,48,48,48,44,38,35,419,972.3
358,358,56,56,56,56,56,72,56,56,56,55,48,39,39,39,48,48,48,44,38,35,419.1,972.5
359,359,57,57,57,57,57,72,57,57,57,55,48,39,39,39,48,48,48,44,38,35,419.2,972.7
360,360,58,58,58,58,58,72,58,58,58,55,48,39,39,39,48,48,48,44,38,35,419.3,972.9
361,361,59,59,59,59,59,72,59,59,59,55,48,39,39,39,48,48,48,44,38,35,419.4,973.1
362,362,60,60,60,60,60,72,60,60,60,55,48,39,39,39,48,48,48,44,38,35,419.5,973.3
363,363,61,61,61,61,61,72,61,61,61,55,48,39,39,39,48,48,48,44,38,35,419.6,973.5
364,364,62,62,62,62,62,72,62,62,62,55,48,39,39,39,48,48,48,44,38,35,419.7,973.7
365,365,63,63,63,63,63,72,63,63,63,55,48,39,39,39,48,48,48,44,38,35,419.8,973.9
366,366,64,64,64,64,64,72,64,64,64,55,48,39,39,39,48,48,48,44,38,35,419.9,974.1
367,367,65,65,65,65,65,72,65,65,65,55,48,39,39,39,48,48,48,44,38,35,420,974.3
368,368,66,66,66,66,66,72,66,66,66,55,48,39,39,39,48,48,48,44,38,35,420.1,974.5
369,369,67,67,67,67,67,72,67,67,67,55,48,39,39,39,48,48,48,44,38,35,420.2,974.7
370,370,68,68,68,68,68,72,68,68,68,55,48,39,39,39,48,48,48,44,38,35,420.3,974.9
371,371,69,69,69,69,69,72,69,69,69,55,48,39,39,39,48,48,48,44,38,35,420.4,975.1
372,372,70,70,70,70,70,72,70,70,70,55,48,39,39,39,48,48,48,44,38,35,420.5,975.3
373,373,71,71,71,71,71,72,71,71,71,55,48,39,39,39,48,48,48,44,38,35,420.6,975.5
374,374,72,72,72,72,72,72,72,72,72,55,48,39,39,39,48,48,48,44,38,35,420.7,975.7
375,375,73,73,73,73,73,72,73,73,73,55,48,39,39,39,48,48,48,44,38,35,420.8,975.9
376,376,74,74,74,74,74,72,74,74,74,55,48,39,39,39,48,48,48,44,38,35,420.9,976.1
377,377,75,75,75,75,75,72,75,75,75,55,48,39,39,39,48,48,48,44,38,35,421,976.3
378,378,76,76,76,76,76,72,76,76,76,55,48,39,39,39,48,48,48,44,38,35,421.1,976.5
379,379,77,77,77,77,77,72,77,77,77,55,48,39,39,39,48,48,48,44,38,35,421.2,976.7
380,380,78,78,78,78,78,72,78,78,78,55,48,39,39,39,48,48,48,44,38,35,421.3,976.9
381,381,79,79,79,79,79,72,79,79,79,55,48,39,39,39,48,48,48,44,38,35,421.4,977.1
382,382,80,80,80,80,80,72,80,80,80,55,48,39,39,39,48,48,48,44,38,35,421.5,977.3
383,383,81,81,81,81,81,72,81,81,81,55,48,39,39,39,48,48,48,44,38,35,421.6,977.5
384,384,82,82,82,82,82,72,82,82,82,55,48,39,39,39,48,48,48,44,38,35,421.7,977.7
385,385,83,83,83,83,83,72,83,83,83,55,48,39,39,39,48,48,48,44,38,35,421.8,977.9
386,386,84,84,84,84,84,72,84,84,84,55,48,39,39,39,48,48,48,44,38,35,421.9,978.1
387,387,85,85,85,85,85,72,85,85,85,55,48,39,39,39,48,48,48,44,38,35,422,978.3
388,388,86,86,86,86,86,72,86,86,86,55,48,39,39,39,48,48,48,44,38,35,422.1,978.5
389,389,87,87,87,87,87,72,87,87,87,55,48,39,39,39,48,48,48,44,38,35,422.2,978.7
390,390,88,88,88,88,88,72,88,88,88,55,48,39,39,39,48,48,48,44,38,35,422.3,978.9
391,391,89,89,89,89,89,72,89,89,89,55,48,39,39,39,48,48,48,44,38,35,422.4,979.1
392,392,90,90,90,90,90,72,90,90,90,55,48,39,39,39,48,48,48,44,38,35,422.5,979.3
393,393,91,91,91,91,91,72,91,91,91,55,48,39,39,39,48,48,48,44,38,35,422.6,979.5
394,394,92,92,92,92,92,72,92,92,92,55,48,39,39,39,48,48,48,44,38,35,422.7,979.7
395,395,93,93,93,93,93,72,93,93,93,55,48,39,39,39,48,48,48,44,38,35,422.8,979.9
396,396,94,94,94,94,94,72,94,94,94,55,48,39,39,39,48,48,48,44,38,35,422.9,980.1
397,397,95,95,95,95,95,72,95,95,95,55,48,39,39,39,48,48,48,44,38,35,423,980.3
398,398,96,96,96,96,96,72,96,96,96,55,48,39,39,39,48,48,48,44,38,35,423.1,980.5
399,399,97,97,97,97,97,72,97,97,97,55,48,39,39,39,48,48,48,44,38,35,423.2,980.7
400,400,98,98,98,98,98,72,98,98,98,55,48,39,39,39,48,48,48,44,38,35,423.3,980.9
401,401,99,99,99,99,99,72,99,99,99,55,48,39,39,39,48,48,48,44,38,35,423.4,981.1
402,402,52,52,52,52,52,72,52,52,52,55,48,39,39,39,48,48,48,44,38,35,423.5,981.3
403,403,53,53,53,53,53,72,53,53,53,55,48,39,39,39,48,48,48,44,38,35,423.6,981.5
404,404,54,54,54,54,54,72,54,54,54,55,48,39,39,39,48,48,48,44,38,35,423.7,981.7
405,405,55,55,55,55,55,72,55,55,55,55,48,39,39,39,48,48,48,44,38,35,423.8,981.9
406,406,56,56,56,56,56,72,56,56,56,55,48,39,39,39,48,48,48,44,38,35,423.9,982.1
407,407,57,57,57,57,57,72,57,57,57,55,48,39,39,39,48,48,48,44,38,35,424,982.3
408,408,58,58,58,58,58,72,58,58,58,55,48,39,39,39,48,48,48,44,38,35,424.1,982.5
409,409,59,59,59,59,59,72,59,59,59,55,48,39,39,39,48,48,48,44,38,35,424.2,982.7
410,410,60,60,60,60,60,72,60,60,60,55,48,39,39,39,48,48,48,44,38,35,424.3,982.9
411,411,61,61,61,61,61,72,61,61,61,55,48,39,39,39,48,48,48,44,38,35,424.4,983.1
412,412,62,62,62,62,62,72,62,62,62,55,48,39,39,39,48,48,48,44,38,35,424.5,983.3
413,413,63,63,63,63,63,72,63,63,63,55,48,39,39,39,48,48,48,44,38,35,424.6,983.5
414,414,64,64,64,64,64,72,64,64,64,55,48,39,39,39,48,48,48,44,38,35,424.7,983.7
415,415,65,65,65,65,65,72,65,65,65,55,48,39,39,39,48,48,48,44,38,35,424.8,983.9
416,416,66,66,66,66,66,72,66,66,66,55,48,39,39,39,48,48,48,44,38,35,424.9,984.1
417,417,67,67,67,67,67,72,67,67,67,55,48,39,39,39,48,48,48,44,38,35,425,984.3
418,418,68,68,68,68,68,72,68,68,68,55,48,39,39,39,48,48,48,44,38,35,425.1,984.5
419,419,69,69,69,69,69,72,69,69,69,55,48,39,39,39,48,48,48,44,38,35,425.2,984.7
420,420,70,70,70,70,70,72,70,70,70,55,48,39,39,39,48,48,48,44,38,35,425.3,984.9
421,421,71,71,71,71,71,72,71,71,71,55,48,39,39,39,48,48,48,44,38,35,425.4,985.1
422,422,72,72,72,72,72,72,72,72,72,55,48,39,39,39,48,48,48,44,38,35,425.5,985.3
423,423,73,73,73,73,73,72,73,73,73,55,48,39,39,39,48,48,48,44,38,35,425.6,985.5
424,424,74,74,74,74,74,72,74,74,74,55,48,39,39,39,48,48,48,44,38,35,425.7,985.7
425,425,75,75,75,75,75,72,75,75,75,55,48,39,39,39,48,48,48,44,38,35,425.8,985.9
426,426,76,76,76,76,76,72,76,76,76,55,48,39,39,39,48,48,48,44,38,35,425.9,986.1
427,427,77,77,77,77,77,72,77,77,77,55,48,39,39,39,48,48,48,44,38,35,426,986.3
428,428,78,78,78,78,78,72,78,78,78,55,48,39,39,39,48,48,48,44,38,35,426.1,986.5
429,429,79,79,79,79,79,72,79,79,79,55,48,39,39,39,48,48,48,44,38,35,426.2,986.7
430,430,80,80,80,80,80,72,80,80,80,55,48,39,39,39,48,48,48,44,38,35,426.3,986.9
431,431,81,81,81,81,81,72,81,81,81,55,48,39,39,39,48,48,48,44,38,35,426.4,987.1
432,432,82,82,82,82,82,72,82,82,82,55,48,39,39,39,48,48,48,44,38,35,426.5,987.3
433,433,83,83,83,83,83,72,83,83,83,55,48,39,39,39,48,48,48,44,38,35,426.6,987.5
434,434,84,84,84,84,84,72,84,84,84,55,48,39,39,39,48,48,48,44,38,35,426.7,987.7
435,435,85,85,85,85,85,72,85,85,85,55,48,39,39,39,48,48,48,44,38,35,426.8,987.9
436,436,86,86,86,86,86,72,86,86,86,55,48,39,39,39,48,48,48,44,38,35,426.9,988.1
437,437,87,87,87,87,87,72,87,87,87,55,48,39,39,39,48,48,48,44,38,35,427,988.3
438,438,88,88,88,88,88,72,88,88,88,55,48,39,39,39,48,48,48,44,38,35,427.1,988.5
439,439,89,89,89,89,89,72,89,89,89,55,48,39,39,39,48,48,48,44,38,35,427.2,988.7
440,440,90,90,90,90,90,72,90,90,90,55,48,39,39,39,48,48,48,44,38,35,427.3,988.9
441,441,91,91,91,91,91,72,91,91,91,55,48,39,39,39,48,48,48,44,38,35,427.4,989.1
442,442,92,92,92,92,92,72,92,92,92,55,48,39,39,39,48,48,48,44,38,35,427.5,989.3
443,443,93,93,93,93,93,72,93,93,93,55,48,39,39,39,48,48,48,44,38,35,427.6,989.5
444,444,94,94,94,94,94,72,94,94,94,55,48,39,39,39,48,48,48,44,38,35,427.7,989.7
445,445,95,95,95,95,95,72,95,95,95,55,48,39,39,39,48,48,48,44,38,35,427.8,989.9
446,446,96,96,96,96,96,72,96,96,96,55,48,39,39,39,48,48,48,44,38,35,427.9,990.1
447,447,97,97,97,97,97,72,97,97,97,55,48,39,39,39,48,48,48,44,38,35,428,990.3
448,448,98,98,98,98,98,72,98,98,98,55,48,39,39,39,48,48,48,44,38,35,428.1,990.5
449,449,52,52,52,52,52,72,52,52,52,55,48,39,39,39,48,48,48,44,38,35,428.2,990.7
450,450,53,53,53,53,53,72,53,53,53,55,48,39,39,39,48,48,48,44,38,35,428.3,990.9
451,451,54,54,54,54,54,72,54,54,54,55,48,39,39,39,48,48,48,44,38,35,428.4,991.1
452,452,55,55,55,55,55,72,55,55,55,55,48,39,39,39,48,48,48,44,38,35,428.5,991.3
453,453,56,56,56,56,56,72,56,56,56,55,48,39,39,39,48,48,48,44,38,35,428.6,991.5
454,454,57,57,57,57,57,72,57,57,57,55,48,39,39,39,48,48,48,44,38,35,428.7,991.7
455,455,58,58,58,58,58,72,58,58,58,55,48,39,39,39,48,48,48,44,38,35,428.8,991.9
456,456,59,59,59,59,59,72,59,59,59,55,48,39,39,39,48,48,48,44,38,35,428.9,992.1
457,457,60,60,60,60,60,72,60,60,60,55,48,39,39,39,48,48,48,44,38,35,429,992.3
458,458,61,61,61,61,61,72,61,61,61,55,48,39,39,39,48,48,48,44,38,35,429.1,992.5
459,459,62,62,62,62,62,72,62,62,62,55,48,39,39,39,48,48,48,44,38,35,429.2,992.7
460,460,63,63,63,63,63,72,63,63,63,55,48,39,39,39,48,48,48,44,38,35,429.3,992.9
461,461,64,64,64,64,64,72,64,64,64,55,48,39,39,39,48,48,48,44,38,35,429.4,993.1
462,462,65,65,65,65,65,72,65,65,65,55,48,39,39,39,48,48,48,44,38,35,429.5,993.3
463,463,66,66,66,66,66,72,66,66,66,55,48,39,39,39,48,48,48,44,38,35,429.6,993.5
464,464,67,67,67,67,67,72,67,67,67,55,48,39,39,39,48,48,48,44,38,35,429.7,993.7
465,465,68,68,68,68,68,72,68,68,68,55,48,39,39,39,48,48,48,44,38,35,429.8,993.9
466,466,69,69,69,69,69,72,69,69,69,55,48,39,39,39,48,48,48,44,38,35,429.9,994.1
467,467,70,70,70,70,70,72,70,70,70,55,48,39,39,39,48,48,48,44,38,35,430,994.3
468,468,71,71,71,71,71,72,71,71,71,55,48,39,39,39,48,48,48,44,38,35,430.1,994.5
469,469,72,72,72,72,72,72,72,72,72,55,48,39,39,39,48,48,48,44,38,35,430.2,994.7
470,470,73,73,73,73,73,72,73,73,73,55,48,39,39,39,48,48,48,44,38,35,430.3,994.9
471,471,74,74,74,74,74,72,74,74,74,55,48,39,39,39,48,48,48,44,38,35,430.4,995.1
472,472,75,75,75,75,75,72,75,75,75,55,48,39,39,39,48,48,48,44,38,35,430.5,995.3
473,473,76,76,76,76,76,72,76,76,76,55,48,39,39,39,48,48,48,44,38,35,430.6,995.5
474,474,77,77,77,77,77,72,77,77,77,55,48,39,39,39,48,48,48,44,38,35,430.7,995.7
475,475,78,78,78,78,78,72,78,78,78,55,48,39,39,39,48,48,48,44,38,35,430.8,995.9
476,476,79,79,79,79,79,72,79,79,79,55,48,39,39,39,48,48,48,44,38,35,430.9,996.1
477,477,80,80,80,80,80,72,80,80,80,55,48,39,39,39,48,48,48,44,38,35,431,996.3
478,478,81,81,81,81,81,72,81,81,81,55,48,39,39,39,48,48,48,44,38,35,431.1,996.5
479,479,82,82,82,82,82,72,82,82,82,55,48,39,39,39,48,48,48,44,38,35,431.2,901
480,480,83,83,83,83,83,72,83,83,83,55,48,39,39,39,48,48,48,44,38,35,431.3,902
481,481,84,84,84,84,84,72,84,84,84,55,48,39,39,39,48,48,48,44,38,35,431.4,903
482,482,85,85,85,85,85,72,85,85,85,55,48,39,39,39,48,48,48,44,38,35,431.5,904
483,483,86,86,86,86,86,72,86,86,86,55,48,39,39,39,48,48,48,44,38,35,431.6,905
484,484,87,87,87,87,87,72,87,87,87,55,48,39,39,39,48,48,48,44,38,35,431.7,906
485,485,88,88,88,88,88,72,88,88,88,55,48,39,39,39,48,48,48,44,38,35,431.8,907
486,486,89,89,89,89,89,72,89,89,89,55,48,39,39,39,48,48,48,44,38,35,431.9,908
487,487,90,90,90,90,90,72,90,90,90,55,48,39,39,39,48,48,48,44,38,35,432,909
488,488,91,91,91,91,91,72,91,91,91,55,48,39,39,39,48,48,48,44,38,35,432.1,910
489,489,92,92,92,92,92,72,92,92,92,55,48,39,39,39,48,48,48,44,38,35,432.2,911
490,490,93,93,93,93,93,72,93,93,93,55,48,39,39,39,48,48,48,44,38,35,432.3,912
491,491,94,94,94,94,94,72,94,94,94,55,48,39,39,39,48,48,48,44,38,35,432.4,913
492,492,95,95,95,95,95,72,95,95,95,55,48,39,39,39,48,48,48,44,38,35,432.5,914
493,493,96,96,96,96,96,72,96,96,96,55,48,39,39,39,48,48,48,44,38,35,432.6,915
494,494,97,97,97,97,97,72,97,97,97,55,48,39,39,39,48,48,48,44,38,35,432.7,916
495,495,98,98,98,98,98,72,98,98,98,55,48,39,39,39,48,48,48,44,38,35,432.8,917
496,496,60,60,60,60,60,72,60,60,60,55,48,39,39,39,48,48,48,44,38,35,432.9,918
497,497,60,60,60,60,60,72,60,60,60,55,48,39,39,39,48,48,48,44,38,35,433,919
498,498,60,60,60,60,60,72,60,60,60,55,48,39,39,39,48,48,48,44,38,35,433.1,920
499,499,60,60,60,60,60,72,60,60,60,55,48,39,39,39,48,48,48,44,38,35,433.2,921
500,500,60,60,60,60,60,72,60,60,60,55,48,39,39,39,48,48,48,44,38,35,433.3,922
501,501,60,60,60,60,60,72,60,60,60,55,48,39,39,39,48,48,48,44,38,35,433.4,923
502,502,60,60,60,60,60,72,60,60,60,55,48,39,39,39,48,48,48,44,38,35,433.5,924
503,503,60,60,60,60,60,72,60,60,60,55,48,39,39,39,48,48,48,44,38,35,433.6,925
504,504,60,60,60,60,60,72,60,60,60,55,48,39,39,39,48,48,48,44,38,35,433.7,926
505,505,60,60,60,60,60,72,60,60,60,55,48,39,39,39,48,48,48,44,38,35,433.8,927
506,506,60,60,60,60,60,72,60,60,60,55,48,39,39,39,48,48,48,44,38,35,433.9,928
507,507,60,60,60,60,60,72,60,60,60,55,48,39,39,39,48,48,48,44,38,35,434,929
508,508,60,60,60,60,60,72,60,60,60,55,48,39,39,39,48,48,48,44,38,35,434.1,930
509,509,60,60,60,60,60,72,60,60,60,55,48,39,39,39,48,48,48,44,38,35,434.2,931
510,510,60,60,60,60,60,72,60,60,60,55,48,39,39,39,48,48,48,44,38,35,434.3,932
511,511,60,60,60,60,60,72,60,60,60,55,48,39,39,39,48,48,48,44,38,35,434.4,933
512,512,60,60,60,60,60,72,60,60,60,55,48,39,39,39,48,48,48,44,38,35,434.5,934
513,513,60,60,60,60,60,72,60,60,60,55,48,39,39,39,48,48,48,44,38,35,434.6,935
514,514,60,60,60,60,60,72,60,60,60,55,48,39,39,39,48,48,48,44,38,35,434.7,936
515,515,60,60,60,60,60,72,60,60,60,55,48,39,39,39,48,48,48,44,38,35,434.8,937
516,516,60,60,60,60,60,72,60,60,60,55,48,39,39,39,48,48,48,44,38,35,434.9,938
517,517,60,60,60,60,60,72,60,60,60,55,48,39,39,39,48,48,48,44,38,35,435,939
518,518,60,60,60,60,60,72,60,60,60,55,48,39,39,39,48,48,48,44,38,35,435.1,940
519,519,62,62,62,62,62,72,62,62,62,55,48,39,39,39,48,48,48,44,38,35,435.2,941
520,520,62,62,62,62,62,72,62,62,62,55,48,39,39,39,48,48,48,44,38,35,435.3,942
521,521,62,62,62,62,62,72,62,62,62,55,48,39,39,39,48,48,48,44,38,35,435.4,943
522,522,62,62,62,62,62,72,62,62,62,55,48,39,39,39,48,48,48,44,38,35,435.5,944
523,523,62,62,62,62,62,72,62,62,62,55,48,39,39,39,48,48,48,44,38,35,435.6,945
524,524,62,62,62,62,62,72,62,62,62,55,48,39,39,39,48,48,48,44,38,35,435.7,946
525,525,62,62,62,62,62,72,62,62,62,55,48,39,39,39,48,48,48,44,38,35,435.8,947
526,526,62,62,62,62,62,72,62,62,62,55,48,39,39,39,48,48,48,44,38,35,435.9,948
527,527,62,62,62,62,62,72,62,62,62,55,48,39,39,39,48,48,48,44,38,35,436,949
528,528,62,62,62,62,62,72,62,62,62,55,48,39,39,39,48,48,48,44,38,35,436.1,950
529,529,62,62,62,62,62,72,62,62,62,55,48,39,39,39,48,48,48,44,38,35,436.2,951
530,530,62,62,62,62,62,72,62,62,62,55,48,39,39,39,48,48,48,44,38,35,436.3,952
531,531,62,62,62,62,62,72,62,62,62,55,48,39,39,39,48,48,48,44,38,35,436.4,953
532,532,62,62,62,62,62,72,62,62,62,55,48,39,39,39,48,48,48,44,38,35,436.5,954
533,533,62,62,62,62,62,72,62,62,62,55,48,39,39,39,48,48,48,44,38,35,436.6,955
534,534,62,62,62,62,62,72,62,62,62,55,48,39,39,39,48,48,48,44,38,35,436.7,956
535,535,62,62,62,62,62,72,62,62,62,55,48,39,39,39,48,48,48,44,38,35,436.8,957
536,536,62,62,62,62,62,72,62,62,62,55,48,39,39,39,48,48,48,44,38,35,436.9,958
537,537,62,62,62,62,62,72,62,62,62,55,48,39,39,39,48,48,48,44,38,35,437,959
538,538,62,62,62,62,62,72,62,62,62,55,48,39,39,39,48,48,48,44,38,35,437.1,960
539,539,62,62,62,62,62,72,62,62,62,55,48,39,39,39,48,48,48,44,38,35,437.2,961
540,540,62,62,62,62,62,72,62,62,62,55,48,39,39,39,48,48,48,44,38,35,437.3,962
541,541,88,88,88,88,88,72,88,88,88,55,48,39,39,39,48,48,48,44,38,35,437.4,963
